day,time,url,content
2024-10-04,16:22:07,https://memos.kaaaaai.cn/m/KZkWaZtMCP5AYfX5cFqD9R ,#日记/2024/10 2024年10月05日
2024-10-03,16:21:42,https://memos.kaaaaai.cn/m/kcyJ8PgtL43rpySwWAfUSx ,#日记/2024/10 2024年10月04日
2024-10-02,16:22:17,https://memos.kaaaaai.cn/m/DvjvptLfZSQGhvFxiuMYpo ,#日记/2024/10 2024年10月03日
2024-10-01,16:22:32,https://memos.kaaaaai.cn/m/DYDQrQEGp566xu45BgS35q ,#日记/2024/10 2024年10月02日
2024-09-30,16:22:16,https://memos.kaaaaai.cn/m/Q27MyWy2a6MrieWSyVFWib ,#日记/2024/10 2024年10月01日
2024-09-29,16:20:35,https://memos.kaaaaai.cn/m/WHfzPTMGKmVoSaVAECAFBA ,#日记/2024/9 2024年09月30日
2024-09-28,16:27:59,https://memos.kaaaaai.cn/m/QUUBqKSkaFVpPEecrgicSP ,#周报/2024 周报40｜2024-09-16 ~ 2024-09-22
2024-09-28,16:19:48,https://memos.kaaaaai.cn/m/bdchvJEYcBPYUJipvovkjx ,#日记/2024/9 2024年09月29日
2024-09-27,16:21:13,https://memos.kaaaaai.cn/m/LepTfApqj6YoQW5ry3SqJt ,#日记/2024/9 2024年09月28日
2024-09-26,16:21:38,https://memos.kaaaaai.cn/m/LyHUXGfZe957JfNjKcMNS2 ,#日记/2024/9 2024年09月27日
